Price,Product,Customer Name,Rating,Heading,Comment
There is no price for this product,iphone11,No name of this product,5,Perfect product!,Photos super
There is no price for this product,iphone11,No name of this product,5,Terrific,Very very good
There is no price for this product,iphone11,No name of this product,5,Worth every penny,Feeling awesome after getting the delivery of my phone. Dual speakers makes the sound quality very loud. Amazing!!
There is no price for this product,iphone11,No name of this product,5,Best in the market!,Good Camera
There is no price for this product,iphone11,No name of this product,5,Wonderful,This is amazing at all
There is no price for this product,iphone11,No name of this product,5,Fabulous!,Superüî• and good performance üëå‚ù§Ô∏è
There is no price for this product,iphone11,No name of this product,5,Terrific purchase,Value for money üñ§üñ§
There is no price for this product,iphone11,No name of this product,5,Classy product,Camera is awesomeBest battery backupA performer üëåüèªIt will be a real value for money if they provide charger and earphone inbox!
There is no price for this product,iphone11,No name of this product,5,Just wow!,Perfect Product!!
There is no price for this product,iphone11,No name of this product,5,Terrific purchase,Value for money üòç
There is no price for this product,iphone11,No name of this product,No rating for this product,No comment heading for this product,Value for money üòç
